seq,len,type
RKHRKHRKHR,10,1
FCYWKVCTNH,10,1
DSSHAFTLDELR,12,1
RLLRLLRRRRRRR,13,1
MPEGYPENGFPEN,13,1
KVAWRVFSLFWK,12,1
WAGADASGE,9,1
YACPCFF,7,1
TFFYGGSRGRRNNFRTEEY,19,1
GKPRHYPYSPRPTSHPRPIR,20,1
GYRPVHNIRGHWAPG,15,1
YGRKKRRQRRRLPGKETMA,19,1
YGRKKRRQRRR,11,1
KYAFEVVG,8,1
RRRRRRRCCKNYKKTEV,17,1
RLLRLLRRRRRRRR,14,1
TFFYGGSRGKRNNFRTEEY,19,1
RRLSYSRRRF,10,1
SGTQEEY,7,1
LVVYPWT,7,1
THRPPMWSPVWPN,13,1
VQIIYK,6,1
FCYWRTPENTN,11,1
YAGFLL,6,1
RYAFEVVG,8,1
VQIVYK,6,1
CGHKAKGPRK,10,1
YPWGF,5,1
PACAPYGRKKRRQRRR,16,1
SGVYKVAYDWQH,12,1
VAARTGEIYVPW,12,1
YPENGFCRPA,10,1
VRLPPPVKLPPPVRLPPP,18,1
YAFDVVG,7,1
WPVYIEGTRAAV,12,1
TFFYGGCRGKRNNFKTEEY,19,1
YPFPG,5,1
VDKPPYLPRPRPPRRIYNR,19,1
YNQSLLQGYRYW,12,1
PLIYLRLLRGQWC,13,1
RRRRRRRRR,9,1
YAGFG,5,1
DMTRFNMK,8,1
KSVRTWNEIIPSKGCLR,17,1
THRPPMWSPVWP,12,1
YPENGPIFPENF,12,1
LRKLRKRLLLRKLRKRLL,18,1
YPENGFC,7,1
PWVPSWMPPRHTN,13,1
RKRIRLVTKKKR,12,1
ATWLPPR,7,1
SVHGV,5,1
CYFQNC,6,1
YTGFLS,6,1
YRFSAR,6,1
YPLGK,5,1
RERMS,5,1
FYPENGFPEN,10,1
ELYENKPRRPYIL,13,1
PYRHWSYGLRPG,12,1
GLHTSATNLYLH,12,1
DFDMLRCMLGRVFRPCWQY,19,1
TPPVSHAV,8,1
GRPQKINGARVC,12,1
DFDMLRCMLGRVYRPCWQV,19,1
YPENGPFFPENF,12,1
LLIILRRRIRKQAHAHSK,18,1
YGGFM,5,1
DEDEDEDEDE,10,1
YPENGFPENRG,11,1
YRKAG,5,1
DVAKVS,6,1
VVYPWTQRF,9,1
GLAHSFSDFARDFVA,15,1
SRYSIGGNNGVT,12,1
YGGFLR,6,1
NFDVLTEQ,8,1
CNCKAPETALCARRCQQH,18,1
KISHLLNYRTWL,12,1
GANNNRPVYIPRPRPPHPRL,20,1
YPWKF,5,1
HLNILSTLWKYRC,13,1
FCYWRTT,7,1
KKPYILKKPYIL,12,1
GFVRFRLSNTR,11,1
FYNRGNTKYEFGFESRGKT,19,1
KLFMALVAFLRFLT,14,1
LQVYGDGDHNGLYADNVN,18,1
RRNPYIL,7,1
PYRHP,5,1
YPENGFPENFA,11,1
FKESWREARGTRIERG,16,1
CDTPPVC,7,1
FCYWKVCWNH,10,1
RRRRRRRRRRR,11,1
FSRYAR,6,1
RPKPQQFFGLM,11,1
LRKLRKRLLR,10,1
VGFFT,5,1
KLSSIESDV,9,1
YAGFNA,6,1
SKDYN,5,1
YPENGPRFPENF,12,1
DVQPPGLKVWSDPF,14,1
YAGFLRSSRRLSYSRRRF,18,1
CDIFTNSRGKRA,12,1
GANYPFP,7,1
CNCKAPETALCAAACH,16,1
NAPVSIPQ,8,1
SHAVS,5,1
YGRRARRRRRR,11,1
RCAVPYIL,8,1
SLKPAANLPLRF,12,1
LGSVS,5,1
LYVLHSRGLWGFKLAAALE,19,1
YPENGFPEN,9,1
MEHFRW,6,1
HGLASTLTRWAHYNALIRA,19,1
NTGSPYE,7,1
YAGNMEFGH,9,1
YAGFNHNHFGAY,12,1
VRPPPVRLPPPVRLPPP,17,1
HAIYPRH,7,1
RGGRLSYSRRRFSTSTGR,18,1
WAAGDASGE,9,1
KWKTPKVRV,9,1
RRPAPLIMFRMI,12,1
MEHFKF,6,1
TNHRPPMWSPVWP,13,1
PFVYLI,6,1
YGGFLRC,7,1
DRVYIHPFHL,10,1
HLYLNTASTHLG,12,1
RLSSVDSDLSGC,12,1
CTSTSAPYC,9,1
GNLWATGHFM,10,1
RGDYK,5,1
KKRTLRKNDRKKRC,14,1
CHPPR,5,1
LLVVYPWT,8,1
STNQSTNQST,10,1
PGPLP,5,1
DAAESVLVGTVR,12,1
YCYCLAGFNA,10,1
IGTLTT,6,1
HFPGP,5,1
TFFYGGSRGKRNNFKTEEY,19,1
MRWFFSHASQGR,12,1
SHAVSS,6,1
YPENGPCLFPENF,13,1
HGLASTLTRWAHYNALIRAF,20,1
YGGFLRRL,8,1
DYMGWMDF,8,1
GKPRPYSPRPTSHPRPIRV,19,1
YGLCGFL,7,1
AGILKRW,7,1
YSMVFVGIKL,10,1
YGRKKRRQRRRKLSSIESDV,20,1
YASPKSFRYPNGVLACT,17,1
CWDPVL,6,1
CGKRK,5,1
YTGFLSN,7,1
SYPGWSW,7,1
YGGFL,5,1
YAGFA,5,1
VRLPPPVRLPPPVRPPP,17,1
TGNYKALHPHNG,12,1
PWVPSWMPPRHT,12,1
YPWTQRF,7,1
VQILYK,6,1
VRLPPPVLPPPVRLPPP,17,1
AIEVQTVTLIPGD,13,0
AYNGPLA,7,0
SGLQLLDLSNNREVEML,17,0
DRVYVHPFYL,10,0
AYGGDGGAYYEWSPA,15,0
TRRFDDVLDEVKGFFEVH,18,0
QLNFSPNW,8,0
SFDSSVLTK,9,0
YQKSSPGSNITT,12,0
QVHHQK,6,0
QQDYTGAHFDF,11,0
DGDDYKFGHFRWSVPL,16,0
SPEFTV,6,0
SMPSLRLRF,9,0
AGLLVYPRL,9,0
CFVRNCPTG,9,0
QLTFTPNWGT,10,0
KPSGCGEQNMINFYPNVL,18,0
GFADLFGKVANLIKS,15,0
AGPYAFGL,8,0
QGPWMEEEEAAYGWMDF,17,0
YEYSVYREIIGSGHIIAR,18,0
SSGGGDGSGMWFGPRL,16,0
THDFMRF,7,0
MYVLQEINPGITS,13,0
DGRTPALRLRF,11,0
RPSFNSWG,8,0
PKPPDRG,7,0
MIYSTEVSNMAGV,13,0
TQVTVEYVNEGGAMV,15,0
MGDISPLTGTNGQIR,15,0
SPTQDFMRF,9,0
GSPGLIPFGRS,11,0
QQGEGGPYGGLSPLRFS,17,0
QRLGHQWAVGHLM,13,0
AGQDNFMRF,9,0
AGVGTVP,7,0
RICTAIPLPMCL,12,0
GSTGLISFGRT,11,0
QHWSYGWLPG,10,0
MIFNDLIGNNNIGD,14,0
GRREDDYDNLQL,12,0
VKMELDGGVASNSR,14,0
ALVPLRLLLDHAAENG,16,0
SAIWFWMTPQSPK,13,0
QSFGNQWARGHFM,13,0
YGLAADHVLDAR,12,0
QDVDHVFLRF,10,0
GYIAYVHQNELVKR,14,0
GIGSALAKAAKLIEGMV,17,0
APSSMGFMGMR,11,0
DMDDFGLGDFDDGR,14,0
AAGMGFFGAR,10,0
SPGALEDEHNDNFLRF,16,0
DDDDDDHTIEHFETF,15,0
SVFAFQDESTSTIAQARLFI,20,0
FDKNQPWGVIRDLNVVNFKR,20,0
KHEYLRF,7,0
FYEKEGLPAFPMGK,14,0
GIGSALANAAKLVAGIV,17,0
NGGTSGLFAFPRV,13,0
DSDSAFLIG,9,0
AAKIKKGDNVVVLTG,15,0
SLSINTNTSEMIALQTLDA,19,0
RGSNLTHPLRNI,12,0
SADPNFLRF,9,0
RNGLPGPIGPAG,12,0
SPALDDEHNDNFLRL,15,0
DGDDGDGD,8,0
GLEETYCSMRIKENI,15,0
DPGFSSWG,8,0
AGPRFIRF,8,0
NAPPNLTLR,9,0
MTYQTAIDAVRELKA,15,0
ESGGSGEANGMWFGPRL,17,0
MLVGKKVQTF,10,0
GFDVVDNIK,9,0
TSGLIAFPRL,10,0
VSDSQNSQDGLDPE,14,0
CSVVDLAR,8,0
YGLAADNVLDAR,12,0
DASFSSWG,8,0
APSMGFMGMR,10,0
MDETIVTDKGVAEFSFFKF,19,0
QANQDFMRF,9,0
KGFMTPERAAEFNFR,15,0
GPSAFLRL,8,0
RGSNLTHPLRNIGDLFYVGN,20,0
FIYHSYK,7,0
VMYYSLPRPV,10,0
EEVQETVNLKYEYSVYR,17,0
IVGGTEVTPGEIPYQLSLQD,20,0
GPDSSFLRL,9,0
SGLQFAVLDGQGFIPFPRV,19,0
GSSGGLITFGRT,12,0
ADAKS,5,0
AIANAPLLDTTITDRVFFD,19,0
NGAPQPFVRF,10,0
VNQSETPVKHIGKVF,15,0
KPEEDWGHR,9,0
KVFFEERFEDGWENRWVKKD,20,0
AKELLDSDGIILRNGANYYI,20,0
EKGYNPYVR,9,0
LGTGLGVDQN,10,0
SCLEYGHSCWGAH,13,0
SGDTSSQAKGMWFGPRL,17,0
LDVELTVEER,10,0
LGYLGTCPTNIGTGLR,16,0
GSASGLISMPRV,12,0
GNTKKAVPGFYGTR,14,0
TIFLQQQQQQQQQQQ,15,0
GHADNFMRF,9,0
DASNAQKQHDVNFLL,15,0
RGSNLTTHPLRNIKDLVVYM,20,0
AQPSMRLRF,9,0
PYLLNLPPEK,10,0
LSPTQDFMRF,10,0
GRGGPSNYVRL,11,0
LSLQEFLGLWR,11,0
TAANVKIFNTEEVQNFINLL,20,0
LGAEISSLTLEEAR,14,0
MGQEQDTPWIL,11,0
GGGGTSGLFAFPRV,14,0
NKLKPSQWISL,11,0
GLLAFPRV,8,0
RICTPIPFPMCY,12,0
LPPWIG,6,0
APGQDFMRF,9,0
MRINTNINSM,10,0
DRVYVHPFSL,10,0
GEVFAFPR,8,0
GGGGGSGETSGMWFGPRL,18,0
PAASESGFRRDP,12,0
SLNTKNDFMRF,11,0
GLGSLVGNALRIGAKLL,17,0
VTLDVED,7,0
VPATIPLTITNDSGG,15,0
EQFDDYGHMRF,11,0
ATGQYAFGL,9,0
TQAGSQNPNDLSPGP,15,0
QPWIPFV,7,0
PQVGLIPFPRV,11,0
VVGGEVARAHSWPWQISLQY,20,0
TLNKVYKFDRDRRFL,15,0
ADYLRLARA,9,0
FPPWM,5,0
TKKDGEEKVA,10,0
GGSSGLISMPRV,12,0
ADYLQLAR,8,0
GFADLFGKAVDFIKSRV,17,0
GPSSGFFGMR,10,0
SGKPTFIRF,9,0
PAPESGFIRDP,11,0
QDKPFWSPPIYPV,13,0
AHRFAAEDFGALDTA,15,0
TVKVTVTGAAGQIGYALLFR,20,0
LYSLLTEK,8,0
GSSGLIPFPRV,11,0
SPAFNSWG,8,0
PGMGIYLPM,9,0
DVGPSTLANN,10,0
DSTNTV,6,0
EAAGLLAFPRT,11,0
RLCIPYIIPC,10,0
TSSGCPNFESLVR,13,0
FPPWE,5,0
GASGLISFPRV,11,0
SDNSVVLRYGDGEYSYPVVD,20,0
FDAFTTGF,8,0
SLGSGGSL,8,0
GAQFSSWG,8,0
